<?xml version="1.0" encoding="utf-8"?>
<modification>
	<name>PavoThemer</name>
	<code>pavothemer</code>
	<version>1.0.0</version>
	<author>pavothemes</author>
	<link>http://www.pavothemes.com</link>
    <file path="admin/controller/user/user_permission.php">
        <operation>
            <search><![CDATA[$data['permissions'] = array();]]></search>
            <add position="replace"><![CDATA[
                $data['permissions'] = array(
                    'extension/module/pavothemer/edit',
                    'extension/module/pavothemer/customize',
                    'extension/module/pavothemer/tools',
                    'extension/module/pavothemer/management',
                    'extension/module/pavoblog/posts',
                    'extension/module/pavoblog/post',
                    'extension/module/pavoblog/categories',
                    'extension/module/pavoblog/comments',
                    'extension/module/pavoblog/settings'
                );
            ]]></add>
        </operation>
    </file>
    <file path="admin/controller/common/column_left.php">
        <operation>
            <search><![CDATA[// Catalog]]></search>
            <add position="before"><![CDATA[
                // pavothemer language file
                $this->load->language('extension/module/pavothemer');

                // PavoThemer Settings menu
                $settings = array();
                // view settings panel
                if ( $this->user->hasPermission( 'access', 'extension/module/pavothemer/edit' ) ) {
                    $settings[] = array(
                        'name'     => $this->language->get('menu_settings_text'),
                        'href'     => $this->url->link('extension/module/pavothemer/edit', 'user_token=' . $this->session->data['user_token'], true),
                        'children' => array()
                    );
                }
                $settings[] = array(
                    'name'     => $this->language->get('menu_theme_text'),
                    'href'     => $this->url->link('extension/theme/'.$this->config->get('config_theme'), 'store_id=0&user_token=' . $this->session->data['user_token'], true),
                    'children' => array()
                );

                // access customize
                if ( $this->user->hasPermission( 'access', 'extension/module/pavothemer/customize' ) ) {
                    $settings[] = array(
                       'name'     => $this->language->get('menu_customize_text'),
                        'href'     => $this->url->link('extension/module/pavothemer/customize', 'user_token=' . $this->session->data['user_token'], true),
                        'children' => array()
                    );
                }

                // view settings panel
                $theme = $this->config->get( 'config_theme' );
                if ( $this->user->hasPermission( 'access', 'extension/module/pavothemer/tools' ) || $this->user->hasPermission( 'access', 'extension/module/pavothemer/tools' ) ) {
                    $settings[] = array(
                        'name'     => $this->language->get('menu_tool_text'),
                        'href'     => $this->url->link('extension/module/pavothemer/tools', 'user_token=' . $this->session->data['user_token'], true),
                        'children' => array()
                    );
                }

                // theme management
                if ( $this->user->hasPermission( 'access', 'extension/module/pavothemer/management' ) || $this->user->hasPermission( 'access', 'extension/module/pavothemer/management' ) ) {
                    $settings[] = array(
                        'name'     => $this->language->get('menu_management_text'),
                        'href'     => $this->url->link('extension/module/pavothemer/management', 'user_token=' . $this->session->data['user_token'], true),
                        'children' => array()
                    );
                }

                // view homebuilder
                if ( $this->user->hasPermission( 'access', 'extension/module/pavobuilder' ) || $this->user->hasPermission( 'access', 'extension/module/pavobuilder' ) ) {
                    $settings[] = array(
                        'name'     => $this->language->get('menu_builder_text'),
                        'href'     => $this->url->link('extension/module/pavobuilder', 'user_token=' . $this->session->data['user_token'], true),
                        'children' => array()
                    );
                }

                // view header builder
                if ( $this->user->hasPermission( 'access', 'extension/module/pavoheader' ) || $this->user->hasPermission( 'access', 'extension/module/pavoheader' ) ) {
                    $settings[] = array(
                        'name'     => $this->language->get('menu_header_builder_text'),
                        'href'     => $this->url->link('extension/module/pavoheader', 'user_token=' . $this->session->data['user_token'], true),
                        'children' => array()
                    );
                }

                if ( $settings ) {
                    $data['menus'][] = array(
                        'id'       => 'pavothemer',
                        'icon'     => 'fa fa-cog fw',
                        'name'     => $this->language->get( 'heading_title' ),
                        'href'     => '',
                        'children' => $settings
                    );
                }
                // End PavoThemer Settings menu
            ]]></add>
        </operation>
    </file>
    <file path="catalog/controller/common/header.php">
        <operation>
            <search><![CDATA[$data['title'] = $this->document->getTitle();]]></search>
            <add position="before"><![CDATA[
            $data['pavothemer'] = $this->load->controller('extension/module/pavothemer');
            $this->load->model( 'extension/module/pavothemer' );
            $data['pavmegamenu'] = $this->load->controller('extension/module/pavmegamenu');
            $data['pavverticalmegamenu'] = $this->load->controller('extension/module/pavverticalmenu');
            $data['pavoheader'] = $this->model_extension_module_pavothemer->getHeader();
            $data['offcanvas']  = $this->model_extension_module_pavothemer->getConfig( 'offcanvas' );
       ]]></add>
        </operation>
    </file>

    <file path="catalog/controller/common/header.php">
        <operation>
            <search><![CDATA[return $this->load->view('common/header', $data);]]></search>
            <add position="before"><![CDATA[
            if( empty($data['pavoheader']) ) {    
                $header_layout  = $this->model_extension_module_pavothemer->getConfig( 'header_layout' );
                if( $header_layout ){
                    return $this->load->view('common/'.trim($header_layout), $data);
                }
            }

       ]]></add>
        </operation>

        <operation>
            <search><![CDATA[return $this->load->view('common/header', $data);]]></search>
            <add position="replace"><![CDATA[
        $data['body_class'] = $this->getBodyClass();
        // pavothemer header layout file
        $data['styles'] = $this->model_extension_module_pavothemer->compressCss( $data['styles'] );
        $data['scripts'] = $this->model_extension_module_pavothemer->compressJs( $data['scripts'] );

        return $this->load->view('common/header', $data);
    }

    /**
     * Get body class
     */
    public function getBodyClass() {
        $this->load->model( 'extension/module/pavothemer' );
        $route = ! empty( $this->request->get['route'] ) ? $this->request->get['route'] : 'common/home';

        $class = '';
        if( $this->config->get( 'pavothemer_keepheader' ) ){
            $class = ' has-header-sticky';
        }
        $class .= $this->model_extension_module_pavothemer->getBodyClass();
        return 'page-' . implode( '-', explode( '/', $route ) ) . $class;
            ]]></add>
        </operation>
    </file>
    <file path="catalog/controller/common/footer.php">
        <operation>
            <search><![CDATA[return $this->load->view('common/footer', $data);]]></search>
            <add position="before"><![CDATA[
                // pavothemer footer layout file
                $this->load->model( 'extension/module/pavothemer' );
                $data['blockbuilder'] = $this->model_extension_module_pavothemer->getFooter();
            ]]></add>
        </operation>
    </file>

     <file path="system/engine/loader.php">
        <operation>
            <search>
                <![CDATA[foreach ($data as $key => $value) {]]>
            </search>
            <add position="before">
                <![CDATA[$template->set( 'product_grid_layout', $this->registry->get('config')->get( 'pavothemer_product_grid_layout' ) );]]>
            </add>
        </operation>
    </file>

    <file path="catalog/controller/product/product.php">
        <operation>
            <search><![CDATA[$this->response->setOutput($this->load->view('product/product', $data));]]></search>
            <add position="replace"><![CDATA[
                // pavothemer product layout file

                $this->load->model( 'extension/module/pavothemer' );
                $layout = $this->model_extension_module_pavothemer->getConfig( 'product_layout' );
                $data['preview'] =  $this->model_extension_module_pavothemer->getConfig( 'preview' );
                $data['preview'] .= " " .  $this->model_extension_module_pavothemer->getConfig( 'zoommode' );
                if ( ! $layout ) {
                    $this->response->setOutput($this->load->view('product/product', $data));
                } else {
                    $this->response->setOutput($this->load->view('product/' . $layout, $data));
                }
            ]]></add>
        </operation>
        <operation>
            <search><![CDATA[$data['products'][] = array(]]></search>
            <add position="before">
                <![CDATA[
                    $output = array();
                    $images = $this->model_catalog_product->getProductImages( $result['product_id'] );
                    if( $images ){
                        foreach( $images as $timage ){
                            if ($timage['image']) {
                                $tmp = $this->model_tool_image->resize($timage['image'], $this->config->get('theme_' . $this->config->get('config_theme') . '_image_product_width'), $this->config->get('theme_' . $this->config->get('config_theme') . '_image_product_height'));
                            } else {
                                $tmp = $this->model_tool_image->resize('placeholder.png', $this->config->get('theme_' . $this->config->get('config_theme') . '_image_product_width'), $this->config->get('theme_' . $this->config->get('config_theme') . '_image_product_height'));
                            }
                            $output[] = $tmp;
                        }
                    }
                ]]>
            </add>
        </operation>
        <operation>
            <search><![CDATA[$data['products'][] = array(]]></search>
            <add position="after">
                <![CDATA[
                    'images'      => $output,
                ]]>
            </add>
        </operation>
    </file>
    <file path="catalog/controller/product/search.php">
        <operation>
            <search><![CDATA[$data['products'][] = array(]]></search>
            <add position="before">
                <![CDATA[
                    $output = array();
                    $images = $this->model_catalog_product->getProductImages( $result['product_id'] );
                    if( $images ){
                        foreach( $images as $timage ){
                            if ($timage['image']) {
                                $tmp = $this->model_tool_image->resize($timage['image'], $this->config->get('theme_' . $this->config->get('config_theme') . '_image_product_width'), $this->config->get('theme_' . $this->config->get('config_theme') . '_image_product_height'));
                            } else {
                                $tmp = $this->model_tool_image->resize('placeholder.png', $this->config->get('theme_' . $this->config->get('config_theme') . '_image_product_width'), $this->config->get('theme_' . $this->config->get('config_theme') . '_image_product_height'));
                            }
                            $output[] = $tmp;
                        }
                    }
                ]]>
            </add>
        </operation>
        <operation>
            <search><![CDATA[$data['products'][] = array(]]></search>
            <add position="after">
                <![CDATA[
                    'images'      => $output,
                ]]>
            </add>
        </operation>
        <operation>
            <search><![CDATA[$this->response->setOutput($this->load->view('product/category', $data));]]></search>
            <add position="replace"><![CDATA[
                // pavothemer category layout file

                $this->load->model( 'extension/module/pavothemer' );
                $layout =  $this->model_extension_module_pavothemer->getConfig( 'category_layout' );
                if ( ! $layout ) {
                    $this->response->setOutput($this->load->view('product/category', $data));
                } else {
                    $this->response->setOutput($this->load->view('product/' . $layout, $data));
                }
            ]]></add>
        </operation>
    </file>
    <file path="catalog/controller/product/special.php">
        <operation>
            <search><![CDATA[$data['products'][] = array(]]></search>
            <add position="before">
                <![CDATA[
                    $output = array();
                    $images = $this->model_catalog_product->getProductImages( $result['product_id'] );
                    if( $images ){
                        foreach( $images as $timage ){
                            if ($timage['image']) {
                                $tmp = $this->model_tool_image->resize($timage['image'], $this->config->get('theme_' . $this->config->get('config_theme') . '_image_product_width'), $this->config->get('theme_' . $this->config->get('config_theme') . '_image_product_height'));
                            } else {
                                $tmp = $this->model_tool_image->resize('placeholder.png', $this->config->get('theme_' . $this->config->get('config_theme') . '_image_product_width'), $this->config->get('theme_' . $this->config->get('config_theme') . '_image_product_height'));
                            }
                            $output[] = $tmp;
                        }
                    }
                ]]>
            </add>
        </operation>
        <operation>
            <search><![CDATA[$data['products'][] = array(]]></search>
            <add position="after">
                <![CDATA[
                    'images'      => $output,
                ]]>
            </add>
        </operation>
        <operation>
            <search><![CDATA[$this->response->setOutput($this->load->view('product/category', $data));]]></search>
            <add position="replace"><![CDATA[
                // pavothemer category layout file

                $this->load->model( 'extension/module/pavothemer' );
                $layout =  $this->model_extension_module_pavothemer->getConfig( 'category_layout' );
                if ( ! $layout ) {
                    $this->response->setOutput($this->load->view('product/category', $data));
                } else {
                    $this->response->setOutput($this->load->view('product/' . $layout, $data));
                }
            ]]></add>
        </operation>
    </file>

     <file path="catalog/controller/product/category.php">
        <operation>
            <search><![CDATA[$data['products'][] = array(]]></search>
            <add position="before">
                <![CDATA[
                    $output = array();
                    $images = $this->model_catalog_product->getProductImages( $result['product_id'] );
                    if( $images ){
                        foreach( $images as $timage ){
                            if ($timage['image']) {
                                $tmp = $this->model_tool_image->resize($timage['image'], $this->config->get('theme_' . $this->config->get('config_theme') . '_image_product_width'), $this->config->get('theme_' . $this->config->get('config_theme') . '_image_product_height'));
                            } else {
                                $tmp = $this->model_tool_image->resize('placeholder.png', $this->config->get('theme_' . $this->config->get('config_theme') . '_image_product_width'), $this->config->get('theme_' . $this->config->get('config_theme') . '_image_product_height'));
                            }
                            $output[] = $tmp;
                        }
                    }
                ]]>
            </add>
        </operation>
        <operation>
            <search><![CDATA[$data['products'][] = array(]]></search>
            <add position="after">
                <![CDATA[
                    'images'      => $output,
                ]]>
            </add>
        </operation>
        <operation>
            <search><![CDATA[$this->response->setOutput($this->load->view('product/category', $data));]]></search>
            <add position="replace"><![CDATA[
                // pavothemer category layout file

                $this->load->model( 'extension/module/pavothemer' );
                $layout =  $this->model_extension_module_pavothemer->getConfig( 'category_layout' );
                $data['product_grid_layout']  =  $this->model_extension_module_pavothemer->getConfig( 'product_grid_layout' );
                if ( ! $layout ) {
                    $this->response->setOutput($this->load->view('product/category', $data));
                } else {
                    $this->response->setOutput($this->load->view('product/' . $layout, $data));
                }
            ]]></add>
        </operation>
    </file>


     <file path="admin/controller/catalog/information.php">
        <operation>
            <search><![CDATA[public function add() {]]></search>
            <add position="after"><![CDATA[
                 $this->document->addScript( "view/javascript/pavobuilder/information.js" );
            ]]></add>
        </operation>
        <operation>
            <search><![CDATA[public function edit() {]]></search>
            <add position="after"><![CDATA[
                 $this->document->addScript( "view/javascript/pavobuilder/information.js" );
            ]]></add>
        </operation>
     </file>
     <file path="catalog/controller/information/information.php">
        <operation>
            <search><![CDATA[$data['continue'] = $this->url->link('common/home');]]></search>
            <add position="before"><![CDATA[
            if( isset($data['description']) ) { 
                $data['description'] = html_entity_decode($information_info['description'], ENT_QUOTES, 'UTF-8');
                if ( preg_match( '/blockbuilder \s*id=(\d+)\s+breadcrumb=(\d+)/', $data['description'], $matches ) ){

                    if( count($matches) == 3 ){
                        $this->load->model('setting/module');
                        $id = (int)$matches[1];
                        if ( isset($id) && $id > 0 ) {
                            $setting_info = $this->model_setting_module->getModule( $id );

                            if ($setting_info && $setting_info['status']) {
                                $data['heading_title'] = '';
                                $data['description'] = $this->load->controller('extension/module/pavobuilder' , $setting_info);
                                $data['blockbuilder'] = 1;
                                $data['breadcrumb'] = (int)$matches[2];
                            }
                        }
                    }
                }
            }    
            ]]></add>
        </operation>
    </file>

</modification>